referal_code,payment_date,payment_method,number_of_recurring_payment,amount
12302002638,7/25/2023,QRIS,1,127800
12303003332,7/11/2023,QRIS,1,76950
12303003332,8/11/2023,QRIS,2,76950
12307007054,7/5/2023,QRIS,1,4040000
12307007099,7/7/2023,QRIS,1,23130
12307007120,7/8/2023,QRIS,1,347625
12307007130,7/9/2023,QRIS,1,207090
12307007130,8/16/2023,QRIS,2,207090
12307007277,7/14/2023,QRIS,1,625500
12307007390,7/17/2023,QRIS,1,120600
12307007402,7/18/2023,QRIS,1,545400
12307007402,8/18/2023,QRIS,2,545400
12307007437,7/20/2023,QRIS,1,2660000
12307007482,7/21/2023,QRIS,1,371700
12307007513,7/22/2023,QRIS,1,287100
12307007513,8/18/2023,QRIS,2,287100
12307007556,7/24/2023,QRIS,1,62100
12307007633,7/25/2023,QRIS,1,203400
12307007667,7/26/2023,QRIS,1,44550
12307007801,7/31/2023,QRIS,1,750038
12307007808,7/30/2023,QRIS,1,311220
12307007808,8/28/2023,QRIS,2,311220
12308008414,8/17/2023,QRIS,1,156510
12208000054,3/13/2023,CREDIT_CARD,1,45900
12208000054,4/14/2023,CREDIT_CARD,2,45900
12208000054,5/15/2023,CREDIT_CARD,3,45900
12208000054,6/14/2023,CREDIT_CARD,4,45900
12208000054,7/14/2023,CREDIT_CARD,5,45900
12208000054,8/14/2023,CREDIT_CARD,6,45900
12209000121,3/2/2023,CREDIT_CARD,1,100000
12209000121,4/14/2023,CREDIT_CARD,2,100000
12209000121,5/3/2023,CREDIT_CARD,3,100000
12209000121,6/5/2023,CREDIT_CARD,4,100000
12209000121,7/3/2023,CREDIT_CARD,5,100000
12209000121,8/3/2023,CREDIT_CARD,6,100000
12211002938,5/13/2023,CREDIT_CARD,1,533700
12211002938,6/19/2023,CREDIT_CARD,2,533700
12211002938,7/18/2023,CREDIT_CARD,3,533700
12211002938,8/15/2023,CREDIT_CARD,4,533700
12211003411,4/2/2023,CREDIT_CARD,1,50040
12212003901,1/11/2023,CREDIT_CARD,1,194850
12212003901,2/7/2023,CREDIT_CARD,2,194850
12212003901,3/20/2023,CREDIT_CARD,3,194850
12212003901,3/24/2023,CREDIT_CARD,4,194850
12212003901,5/3/2023,CREDIT_CARD,5,194850
12212003901,6/19/2023,CREDIT_CARD,6,194850
12212003901,7/12/2023,CREDIT_CARD,7,194850
12212003901,8/14/2023,CREDIT_CARD,8,194850
12301000039,1/9/2023,CREDIT_CARD,1,820000
12301000039,2/13/2023,CREDIT_CARD,2,820000
12301000039,3/20/2023,CREDIT_CARD,3,820000
12301000039,3/21/2023,CREDIT_CARD,4,820000
12301000039,5/11/2023,CREDIT_CARD,5,820000
12301000039,6/12/2023,CREDIT_CARD,6,820000
12301000039,7/11/2023,CREDIT_CARD,7,820000
12301000039,8/11/2023,CREDIT_CARD,8,820000
12301000077,1/4/2023,CREDIT_CARD,1,297000
12301000247,2/10/2023,CREDIT_CARD,1,809100
12301000247,3/20/2023,CREDIT_CARD,2,809100
12301000247,3/30/2023,CREDIT_CARD,3,809100
12301000247,4/26/2023,CREDIT_CARD,4,809100
12301000247,6/13/2023,CREDIT_CARD,5,809100
12301000398,1/16/2023,CREDIT_CARD,1,355500
12301000398,2/17/2023,CREDIT_CARD,2,355500
12301000398,3/20/2023,CREDIT_CARD,3,355500
12301000398,4/17/2023,CREDIT_CARD,4,355500
12301000398,5/17/2023,CREDIT_CARD,5,355500
12301000398,6/19/2023,CREDIT_CARD,6,355500
12301000398,7/17/2023,CREDIT_CARD,7,355500
12301000398,8/18/2023,CREDIT_CARD,8,355500
12301000497,1/19/2023,CREDIT_CARD,1,3150000
12301000563,5/3/2023,CREDIT_CARD,1,54450
12301000682,6/10/2023,CREDIT_CARD,1,176100
12301000682,7/14/2023,CREDIT_CARD,2,176100
12301000682,8/8/2023,CREDIT_CARD,3,176100
12301000882,1/26/2023,CREDIT_CARD,1,370800
12301000882,3/29/2023,CREDIT_CARD,2,370800
12301000882,4/27/2023,CREDIT_CARD,3,370800
12301000882,5/29/2023,CREDIT_CARD,4,370800
12301000882,7/6/2023,CREDIT_CARD,5,370800
12301000882,7/27/2023,CREDIT_CARD,6,370800
12301000882,8/28/2023,CREDIT_CARD,7,370800
12301000989,1/29/2023,CREDIT_CARD,1,22095
12302001157,3/29/2023,CREDIT_CARD,1,69525
12302001157,6/5/2023,CREDIT_CARD,2,69525
12302001157,7/26/2023,CREDIT_CARD,3,69525
12302001157,8/23/2023,CREDIT_CARD,4,69525
12302001228,2/2/2023,CREDIT_CARD,1,63405
12302001228,2/24/2023,CREDIT_CARD,2,63405
12302001228,4/3/2023,CREDIT_CARD,3,63405
12302001228,4/27/2023,CREDIT_CARD,4,63405
12302001228,5/29/2023,CREDIT_CARD,5,63405
12302001232,4/19/2023,CREDIT_CARD,1,285300
12302001232,5/19/2023,CREDIT_CARD,2,285300
12302001232,6/19/2023,CREDIT_CARD,3,285300
12302001232,7/18/2023,CREDIT_CARD,4,285300
12302001919,2/15/2023,CREDIT_CARD,1,2346000
12302001975,2/17/2023,CREDIT_CARD,1,828000
12302001975,3/20/2023,CREDIT_CARD,2,828000
12302001975,4/18/2023,CREDIT_CARD,3,828000
12302001975,5/29/2023,CREDIT_CARD,4,828000
12302001975,6/20/2023,CREDIT_CARD,5,828000
12302002235,2/24/2023,CREDIT_CARD,1,103950
12302002235,3/24/2023,CREDIT_CARD,2,103950
12302002235,4/26/2023,CREDIT_CARD,3,103950
12302002235,5/24/2023,CREDIT_CARD,4,103950
12302002235,7/21/2023,CREDIT_CARD,5,103950
12302002763,2/28/2023,CREDIT_CARD,1,4920000
12302002763,4/14/2023,CREDIT_CARD,2,4920000
12302002763,5/10/2023,CREDIT_CARD,3,4920000
12302002763,6/5/2023,CREDIT_CARD,4,4920000
12302002763,7/3/2023,CREDIT_CARD,5,4920000
12302002763,8/3/2023,CREDIT_CARD,6,4920000
12303002844,3/2/2023,CREDIT_CARD,1,104600
12303002856,3/2/2023,CREDIT_CARD,1,57825
12303002856,4/14/2023,CREDIT_CARD,2,57825
12303002856,5/3/2023,CREDIT_CARD,3,57825
12303002856,6/5/2023,CREDIT_CARD,4,57825
12303002856,7/3/2023,CREDIT_CARD,5,57825
12303002856,8/3/2023,CREDIT_CARD,6,57825
12303002933,3/5/2023,CREDIT_CARD,1,88875
12303002933,3/30/2023,CREDIT_CARD,2,88875
12303002933,5/2/2023,CREDIT_CARD,3,88875
12303002933,5/30/2023,CREDIT_CARD,4,88875
12303002933,6/27/2023,CREDIT_CARD,5,88875
12303002933,7/31/2023,CREDIT_CARD,6,88875
12303003052,3/6/2023,CREDIT_CARD,1,115000
12303003103,3/8/2023,CREDIT_CARD,1,3172000
12303003182,3/8/2023,CREDIT_CARD,1,29295
12303003182,4/4/2023,CREDIT_CARD,2,29295
12303003182,5/10/2023,CREDIT_CARD,3,29295
12303003182,6/12/2023,CREDIT_CARD,4,29295
12303003182,7/10/2023,CREDIT_CARD,5,29295
12303003182,8/10/2023,CREDIT_CARD,6,29295
12303003358,3/12/2023,CREDIT_CARD,1,1225625
12303003358,6/13/2023,CREDIT_CARD,2,1225625
12303003360,3/12/2023,CREDIT_CARD,1,333000
12303003360,4/18/2023,CREDIT_CARD,2,333000
12303003360,5/15/2023,CREDIT_CARD,3,333000
12303003360,6/13/2023,CREDIT_CARD,4,333000
12303003360,7/13/2023,CREDIT_CARD,5,333000
12303003360,8/14/2023,CREDIT_CARD,6,333000
12303003384,4/20/2023,CREDIT_CARD,1,117000
12303003431,3/13/2023,CREDIT_CARD,1,906035
12303003431,6/14/2023,CREDIT_CARD,2,906035
12303003686,3/18/2023,CREDIT_CARD,1,4320000
12303003716,3/25/2023,CREDIT_CARD,1,31275
12303003716,4/27/2023,CREDIT_CARD,2,31275
12303003716,5/29/2023,CREDIT_CARD,3,31275
12303004025,5/1/2023,CREDIT_CARD,1,333000
12303004025,6/5/2023,CREDIT_CARD,2,333000
12303004025,7/3/2023,CREDIT_CARD,3,333000
12303004025,8/2/2023,CREDIT_CARD,4,333000
12303004091,3/28/2023,CREDIT_CARD,1,110250
12303004091,4/28/2023,CREDIT_CARD,2,110250
12303004091,5/29/2023,CREDIT_CARD,3,110250
12303004091,6/27/2023,CREDIT_CARD,4,110250
12303004091,7/28/2023,CREDIT_CARD,5,110250
12303004091,8/28/2023,CREDIT_CARD,6,110250
12303004248,3/29/2023,CREDIT_CARD,1,612000
12303004350,3/30/2023,CREDIT_CARD,1,208350
12303004350,4/28/2023,CREDIT_CARD,2,208350
12303004350,5/31/2023,CREDIT_CARD,3,208350
12303004350,6/27/2023,CREDIT_CARD,4,208350
12303004350,7/31/2023,CREDIT_CARD,5,208350
12304004541,4/3/2023,CREDIT_CARD,1,310950
12304004613,4/10/2023,CREDIT_CARD,1,37035
12304004613,5/4/2023,CREDIT_CARD,2,37035
12304004613,6/5/2023,CREDIT_CARD,3,37035
12304004613,7/4/2023,CREDIT_CARD,4,37035
12304004613,8/4/2023,CREDIT_CARD,5,37035
12304004805,4/10/2023,CREDIT_CARD,1,100000
12304004805,5/10/2023,CREDIT_CARD,2,100000
12304004805,6/12/2023,CREDIT_CARD,3,100000
12304004805,7/10/2023,CREDIT_CARD,4,100000
12304004805,8/10/2023,CREDIT_CARD,5,100000
12304004848,4/11/2023,CREDIT_CARD,1,133020
12304004876,4/11/2023,CREDIT_CARD,1,1675000
12304004932,4/16/2023,CREDIT_CARD,1,81450
12304004932,5/17/2023,CREDIT_CARD,2,81450
12304004932,6/19/2023,CREDIT_CARD,3,81450
12304004932,7/17/2023,CREDIT_CARD,4,81450
12304004932,8/18/2023,CREDIT_CARD,5,81450
12304004955,7/6/2023,CREDIT_CARD,1,97650
12304004955,8/7/2023,CREDIT_CARD,2,97650
12304004980,4/16/2023,CREDIT_CARD,1,124200
12304004980,5/17/2023,CREDIT_CARD,2,124200
12304004980,6/19/2023,CREDIT_CARD,3,124200
12304004980,7/17/2023,CREDIT_CARD,4,124200
12304004980,8/18/2023,CREDIT_CARD,5,124200
12304005000,7/7/2023,CREDIT_CARD,1,1012500
12304005007,5/24/2023,CREDIT_CARD,1,2191550
12304005007,8/25/2023,CREDIT_CARD,2,2191550
12304005108,4/23/2023,CREDIT_CARD,1,8360000
12304005117,4/25/2023,CREDIT_CARD,1,51885
12304005117,5/26/2023,CREDIT_CARD,2,51885
12304005117,6/26/2023,CREDIT_CARD,3,51885
12304005117,7/26/2023,CREDIT_CARD,4,51885
12304005117,8/25/2023,CREDIT_CARD,5,51885
12304005136,4/28/2023,CREDIT_CARD,1,533700
12304005136,5/29/2023,CREDIT_CARD,2,533700
12304005136,6/27/2023,CREDIT_CARD,3,533700
12304005136,7/28/2023,CREDIT_CARD,4,533700
12305005264,5/1/2023,CREDIT_CARD,1,100800
12305005403,5/8/2023,CREDIT_CARD,1,773800
12305005403,8/9/2023,CREDIT_CARD,2,773800
12305005457,5/9/2023,CREDIT_CARD,1,136800
12305005457,6/9/2023,CREDIT_CARD,2,136800
12305005457,7/10/2023,CREDIT_CARD,3,136800
12305005457,8/9/2023,CREDIT_CARD,4,136800
12305005499,5/12/2023,CREDIT_CARD,1,190350
12305005499,6/19/2023,CREDIT_CARD,2,190350
12305005499,7/12/2023,CREDIT_CARD,3,190350
12305005499,8/14/2023,CREDIT_CARD,4,190350
12305005541,5/14/2023,CREDIT_CARD,1,70500
12305005541,6/22/2023,CREDIT_CARD,2,70500
12305005541,7/18/2023,CREDIT_CARD,3,70500
12305005541,8/15/2023,CREDIT_CARD,4,70500
12305005607,5/14/2023,CREDIT_CARD,1,1081000
12305005714,5/20/2023,CREDIT_CARD,1,649250
12305005714,8/22/2023,CREDIT_CARD,2,649250
12305005738,5/29/2023,CREDIT_CARD,1,135900
12305005738,7/6/2023,CREDIT_CARD,2,135900
12305005738,7/28/2023,CREDIT_CARD,3,135900
12306006145,6/6/2023,CREDIT_CARD,1,805500
12306006145,7/6/2023,CREDIT_CARD,2,805500
12306006145,8/7/2023,CREDIT_CARD,3,805500
12306006283,6/16/2023,CREDIT_CARD,1,165600
12306006283,7/17/2023,CREDIT_CARD,2,165600
12306006351,6/10/2023,CREDIT_CARD,1,74700
12306006351,7/27/2023,CREDIT_CARD,2,74700
12306006351,8/28/2023,CREDIT_CARD,3,74700
12306006451,6/13/2023,CREDIT_CARD,1,127800
12306006451,7/13/2023,CREDIT_CARD,2,127800
12306006451,8/14/2023,CREDIT_CARD,3,127800
12306006586,6/20/2023,CREDIT_CARD,1,81450
12306006586,7/20/2023,CREDIT_CARD,2,81450
12306006586,7/31/2023,CREDIT_CARD,3,81450
12306006652,7/1/2023,CREDIT_CARD,1,243900
12306006652,7/27/2023,CREDIT_CARD,2,243900
12306006652,8/28/2023,CREDIT_CARD,3,243900
12306006727,6/22/2023,CREDIT_CARD,1,96660
12306006727,7/24/2023,CREDIT_CARD,2,96660
12306006727,8/23/2023,CREDIT_CARD,3,96660
12306006803,6/26/2023,CREDIT_CARD,1,846000
12306006803,7/26/2023,CREDIT_CARD,2,846000
12306006803,8/25/2023,CREDIT_CARD,3,846000
12306006882,6/28/2023,CREDIT_CARD,1,260100
12306006882,7/27/2023,CREDIT_CARD,2,260100
12307007008,7/5/2023,CREDIT_CARD,1,7280000
12307007180,7/14/2023,CREDIT_CARD,1,166500
12307007180,8/18/2023,CREDIT_CARD,2,166500
12307007274,7/14/2023,CREDIT_CARD,1,117400
12307007274,8/14/2023,CREDIT_CARD,2,117400
12307007419,7/18/2023,CREDIT_CARD,1,319500
12307007419,8/21/2023,CREDIT_CARD,2,319500
12307007495,7/31/2023,CREDIT_CARD,1,926100
12307007529,7/22/2023,CREDIT_CARD,1,150300
12307007529,8/23/2023,CREDIT_CARD,2,150300
12307007668,7/26/2023,CREDIT_CARD,1,3700000
12307007789,7/29/2023,CREDIT_CARD,1,119250
12307007850,7/31/2023,CREDIT_CARD,1,207000
12307007860,8/1/2023,CREDIT_CARD,1,421200
12308007927,8/2/2023,CREDIT_CARD,1,432000
12308007942,8/2/2023,CREDIT_CARD,1,127800
12308007964,8/2/2023,CREDIT_CARD,1,6100000
12308008100,8/7/2023,CREDIT_CARD,1,5020000
12308008288,8/13/2023,CREDIT_CARD,1,87120
12308008387,8/16/2023,CREDIT_CARD,1,1497600
12308008399,8/16/2023,CREDIT_CARD,1,216000
12308008515,8/20/2023,CREDIT_CARD,1,695700
12308008522,8/21/2023,CREDIT_CARD,1,7730000
12308008540,8/21/2023,CREDIT_CARD,1,695700
12308008551,8/21/2023,CREDIT_CARD,1,9200000
12308008569,8/23/2023,CREDIT_CARD,1,66285
12308008585,8/23/2023,CREDIT_CARD,1,495900
12308008660,8/25/2023,CREDIT_CARD,1,55080
22211002054,1/18/2023,CREDIT_CARD,1,14900000
22303003290,3/16/2023,CREDIT_CARD,1,259200
22303003290,4/17/2023,CREDIT_CARD,2,259200
22303003290,5/16/2023,CREDIT_CARD,3,259200
22303003290,6/16/2023,CREDIT_CARD,4,259200
22303003290,7/24/2023,CREDIT_CARD,5,259200
22303003290,8/16/2023,CREDIT_CARD,6,259200
22306006352,6/10/2023,CREDIT_CARD,1,693000
22306006352,7/6/2023,CREDIT_CARD,2,693000
22306006352,8/8/2023,CREDIT_CARD,3,693000
72301000021,1/2/2023,CREDIT_CARD,1,58700
72301000021,2/6/2023,CREDIT_CARD,2,58700
72301000021,3/20/2023,CREDIT_CARD,3,58700
72301000021,4/14/2023,CREDIT_CARD,4,58700
72301000021,5/11/2023,CREDIT_CARD,5,58700
72301000021,6/5/2023,CREDIT_CARD,6,58700
72301000021,7/4/2023,CREDIT_CARD,7,58700
72301000021,8/4/2023,CREDIT_CARD,8,58700
72301000287,1/19/2023,CREDIT_CARD,1,50000
72301000287,2/24/2023,CREDIT_CARD,2,50000
72301000287,3/24/2023,CREDIT_CARD,3,50000
72301000287,4/26/2023,CREDIT_CARD,4,50000
72301000287,5/24/2023,CREDIT_CARD,5,50000
72301000287,6/26/2023,CREDIT_CARD,6,50000
72301000287,7/31/2023,CREDIT_CARD,7,50000
72301000287,8/24/2023,CREDIT_CARD,8,50000
162308007953,8/2/2023,CREDIT_CARD,1,388800
162308008195,8/14/2023,CREDIT_CARD,1,26895000
162308008362,8/18/2023,CREDIT_CARD,1,315000
162308008689,8/25/2023,CREDIT_CARD,1,4227000
162308008745,8/27/2023,CREDIT_CARD,1,1510000
162308008762,8/28/2023,CREDIT_CARD,1,12004800
12211002778,2/9/2023,VIRTUAL_ACCOUNT,1,260100
12211002778,3/13/2023,VIRTUAL_ACCOUNT,2,260100
12211002778,5/10/2023,VIRTUAL_ACCOUNT,3,260100
12211002778,6/12/2023,VIRTUAL_ACCOUNT,4,260100
12211002778,7/5/2023,VIRTUAL_ACCOUNT,5,260100
12211002778,8/4/2023,VIRTUAL_ACCOUNT,6,260100
12212003453,3/6/2023,VIRTUAL_ACCOUNT,1,281700
12212003453,4/10/2023,VIRTUAL_ACCOUNT,2,281700
12212003453,5/9/2023,VIRTUAL_ACCOUNT,3,281700
12212003453,6/7/2023,VIRTUAL_ACCOUNT,4,281700
12212003453,7/7/2023,VIRTUAL_ACCOUNT,5,281700
12212003453,8/14/2023,VIRTUAL_ACCOUNT,6,281700
12212003631,4/13/2023,VIRTUAL_ACCOUNT,1,1076400
12212003631,5/25/2023,VIRTUAL_ACCOUNT,2,1076400
12212003631,7/11/2023,VIRTUAL_ACCOUNT,3,1076400
12212003631,7/27/2023,VIRTUAL_ACCOUNT,4,1076400
12212003632,1/7/2023,VIRTUAL_ACCOUNT,1,253800
12212003910,2/7/2023,VIRTUAL_ACCOUNT,1,141750
12301000005,1/28/2023,VIRTUAL_ACCOUNT,1,277200
12301000005,2/28/2023,VIRTUAL_ACCOUNT,2,277200
12301000005,3/28/2023,VIRTUAL_ACCOUNT,3,277200
12301000005,4/27/2023,VIRTUAL_ACCOUNT,4,277200
12301000005,5/26/2023,VIRTUAL_ACCOUNT,5,277200
12301000005,6/27/2023,VIRTUAL_ACCOUNT,6,277200
12301000005,8/2/2023,VIRTUAL_ACCOUNT,7,277200
12301000054,1/3/2023,VIRTUAL_ACCOUNT,1,88560
12301000070,1/28/2023,VIRTUAL_ACCOUNT,1,414000
12301000070,2/28/2023,VIRTUAL_ACCOUNT,2,414000
12301000070,3/30/2023,VIRTUAL_ACCOUNT,3,414000
12301000070,5/2/2023,VIRTUAL_ACCOUNT,4,414000
12301000070,5/30/2023,VIRTUAL_ACCOUNT,5,414000
12301000070,6/27/2023,VIRTUAL_ACCOUNT,6,414000
12301000070,8/1/2023,VIRTUAL_ACCOUNT,7,414000
12301000341,1/16/2023,VIRTUAL_ACCOUNT,1,511200
12301000343,5/30/2023,VIRTUAL_ACCOUNT,1,855000
12301000368,1/14/2023,VIRTUAL_ACCOUNT,1,182000
12301000414,1/16/2023,VIRTUAL_ACCOUNT,1,528000
12301000502,2/5/2023,VIRTUAL_ACCOUNT,1,492000
12301000722,1/24/2023,VIRTUAL_ACCOUNT,1,220500
12301000995,1/28/2023,VIRTUAL_ACCOUNT,1,266490
12301000995,3/28/2023,VIRTUAL_ACCOUNT,2,266490
12301000995,3/30/2023,VIRTUAL_ACCOUNT,3,266490
12301000995,4/28/2023,VIRTUAL_ACCOUNT,4,266490
12301000995,5/24/2023,VIRTUAL_ACCOUNT,5,266490
12301000995,6/26/2023,VIRTUAL_ACCOUNT,6,266490
12301000995,7/26/2023,VIRTUAL_ACCOUNT,7,266490
12301000995,8/25/2023,VIRTUAL_ACCOUNT,8,266490
12301001004,2/21/2023,VIRTUAL_ACCOUNT,1,1675000
12301001070,2/7/2023,VIRTUAL_ACCOUNT,1,32760
12301001070,3/8/2023,VIRTUAL_ACCOUNT,2,32760
12301001070,4/10/2023,VIRTUAL_ACCOUNT,3,32760
12301001070,5/8/2023,VIRTUAL_ACCOUNT,4,32760
12301001070,6/9/2023,VIRTUAL_ACCOUNT,5,32760
12301001070,7/12/2023,VIRTUAL_ACCOUNT,6,32760
12302001163,2/1/2023,VIRTUAL_ACCOUNT,1,100000
12302001163,2/27/2023,VIRTUAL_ACCOUNT,2,100000
12302001163,3/27/2023,VIRTUAL_ACCOUNT,3,100000
12302001163,4/26/2023,VIRTUAL_ACCOUNT,4,100000
12302001163,5/26/2023,VIRTUAL_ACCOUNT,5,100000
12302001163,6/26/2023,VIRTUAL_ACCOUNT,6,100000
12302001163,7/26/2023,VIRTUAL_ACCOUNT,7,100000
12302001163,8/28/2023,VIRTUAL_ACCOUNT,8,100000
12302001240,2/7/2023,VIRTUAL_ACCOUNT,1,49500
12302001240,3/8/2023,VIRTUAL_ACCOUNT,2,49500
12302001240,4/10/2023,VIRTUAL_ACCOUNT,3,49500
12302001240,5/8/2023,VIRTUAL_ACCOUNT,4,49500
12302001240,6/9/2023,VIRTUAL_ACCOUNT,5,49500
12302001240,7/12/2023,VIRTUAL_ACCOUNT,6,49500
12302001455,2/7/2023,VIRTUAL_ACCOUNT,1,7320000
12302001878,2/15/2023,VIRTUAL_ACCOUNT,1,229680
12302001878,3/20/2023,VIRTUAL_ACCOUNT,2,229680
12302001878,4/17/2023,VIRTUAL_ACCOUNT,3,229680
12302001878,5/17/2023,VIRTUAL_ACCOUNT,4,229680
12302001878,6/27/2023,VIRTUAL_ACCOUNT,5,229680
12302001878,7/26/2023,VIRTUAL_ACCOUNT,6,229680
12302001878,8/28/2023,VIRTUAL_ACCOUNT,7,229680
12302001947,3/2/2023,VIRTUAL_ACCOUNT,1,180000
12302001947,5/5/2023,VIRTUAL_ACCOUNT,2,180000
12302001947,6/7/2023,VIRTUAL_ACCOUNT,3,180000
12302001947,7/10/2023,VIRTUAL_ACCOUNT,4,180000
12302002014,2/22/2023,VIRTUAL_ACCOUNT,1,490500
12302002014,4/18/2023,VIRTUAL_ACCOUNT,2,490500
12302002014,5/29/2023,VIRTUAL_ACCOUNT,3,490500
12302002014,6/9/2023,VIRTUAL_ACCOUNT,4,490500
12302002014,7/7/2023,VIRTUAL_ACCOUNT,5,490500
12302002014,8/9/2023,VIRTUAL_ACCOUNT,6,490500
12302002076,2/19/2023,VIRTUAL_ACCOUNT,1,35100
12302002121,2/20/2023,VIRTUAL_ACCOUNT,1,4130000
12302002216,2/22/2023,VIRTUAL_ACCOUNT,1,47700
12302002237,2/22/2023,VIRTUAL_ACCOUNT,1,150750
12302002237,3/16/2023,VIRTUAL_ACCOUNT,2,150750
12302002237,4/18/2023,VIRTUAL_ACCOUNT,3,150750
12302002237,5/25/2023,VIRTUAL_ACCOUNT,4,150750
12302002237,6/16/2023,VIRTUAL_ACCOUNT,5,150750
12302002237,7/25/2023,VIRTUAL_ACCOUNT,6,150750
12302002258,2/23/2023,VIRTUAL_ACCOUNT,1,45450
12302002281,2/23/2023,VIRTUAL_ACCOUNT,1,32760
12302002281,3/28/2023,VIRTUAL_ACCOUNT,2,32760
12302002281,4/26/2023,VIRTUAL_ACCOUNT,3,32760
12302002281,5/24/2023,VIRTUAL_ACCOUNT,4,32760
12302002281,6/22/2023,VIRTUAL_ACCOUNT,5,32760
12302002281,7/24/2023,VIRTUAL_ACCOUNT,6,32760
12302002306,2/23/2023,VIRTUAL_ACCOUNT,1,59850
12302002306,3/21/2023,VIRTUAL_ACCOUNT,2,59850
12302002306,4/18/2023,VIRTUAL_ACCOUNT,3,59850
12302002306,5/25/2023,VIRTUAL_ACCOUNT,4,59850
12302002306,6/26/2023,VIRTUAL_ACCOUNT,5,59850
12302002306,7/25/2023,VIRTUAL_ACCOUNT,6,59850
12302002482,3/24/2023,VIRTUAL_ACCOUNT,1,230400
12302002482,4/28/2023,VIRTUAL_ACCOUNT,2,230400
12302002482,5/29/2023,VIRTUAL_ACCOUNT,3,230400
12302002482,6/27/2023,VIRTUAL_ACCOUNT,4,230400
12302002482,7/28/2023,VIRTUAL_ACCOUNT,5,230400
12302002482,8/28/2023,VIRTUAL_ACCOUNT,6,230400
12302002533,3/3/2023,VIRTUAL_ACCOUNT,1,165600
12302002561,2/25/2023,VIRTUAL_ACCOUNT,1,52200
12302002561,3/27/2023,VIRTUAL_ACCOUNT,2,52200
12302002561,4/26/2023,VIRTUAL_ACCOUNT,3,52200
12302002561,5/26/2023,VIRTUAL_ACCOUNT,4,52200
12302002561,6/26/2023,VIRTUAL_ACCOUNT,5,52200
12302002561,7/26/2023,VIRTUAL_ACCOUNT,6,52200
12302002561,8/25/2023,VIRTUAL_ACCOUNT,7,52200
12302002565,2/26/2023,VIRTUAL_ACCOUNT,1,99000
12302002585,2/26/2023,VIRTUAL_ACCOUNT,1,48375
12302002585,3/31/2023,VIRTUAL_ACCOUNT,2,48375
12302002585,5/29/2023,VIRTUAL_ACCOUNT,3,48375
12302002585,6/7/2023,VIRTUAL_ACCOUNT,4,48375
12302002585,7/11/2023,VIRTUAL_ACCOUNT,5,48375
12302002668,2/27/2023,VIRTUAL_ACCOUNT,1,540900
12302002670,2/28/2023,VIRTUAL_ACCOUNT,1,32400
12302002670,4/27/2023,VIRTUAL_ACCOUNT,2,32400
12302002670,4/28/2023,VIRTUAL_ACCOUNT,3,32400
12302002670,6/5/2023,VIRTUAL_ACCOUNT,4,32400
12302002670,7/3/2023,VIRTUAL_ACCOUNT,5,32400
12302002670,8/11/2023,VIRTUAL_ACCOUNT,6,32400
12302002740,3/3/2023,VIRTUAL_ACCOUNT,1,90000
12303002772,3/1/2023,VIRTUAL_ACCOUNT,1,347400
12303002772,3/28/2023,VIRTUAL_ACCOUNT,2,347400
12303002772,4/18/2023,VIRTUAL_ACCOUNT,3,347400
12303002772,5/26/2023,VIRTUAL_ACCOUNT,4,347400
12303002772,6/26/2023,VIRTUAL_ACCOUNT,5,347400
12303002772,7/28/2023,VIRTUAL_ACCOUNT,6,347400
12303002772,8/28/2023,VIRTUAL_ACCOUNT,7,347400
12303002774,3/1/2023,VIRTUAL_ACCOUNT,1,141120
12303002774,4/3/2023,VIRTUAL_ACCOUNT,2,141120
12303002774,5/2/2023,VIRTUAL_ACCOUNT,3,141120
12303002774,6/9/2023,VIRTUAL_ACCOUNT,4,141120
12303002774,7/11/2023,VIRTUAL_ACCOUNT,5,141120
12303002774,8/14/2023,VIRTUAL_ACCOUNT,6,141120
12303002776,3/1/2023,VIRTUAL_ACCOUNT,1,234800
12303002798,3/2/2023,VIRTUAL_ACCOUNT,1,319500
12303002798,4/3/2023,VIRTUAL_ACCOUNT,2,319500
12303002798,5/15/2023,VIRTUAL_ACCOUNT,3,319500
12303002798,6/16/2023,VIRTUAL_ACCOUNT,4,319500
12303002798,7/17/2023,VIRTUAL_ACCOUNT,5,319500
12303002798,8/22/2023,VIRTUAL_ACCOUNT,6,319500
12303002809,3/1/2023,VIRTUAL_ACCOUNT,1,356850
12303002809,4/3/2023,VIRTUAL_ACCOUNT,2,356850
12303002809,5/2/2023,VIRTUAL_ACCOUNT,3,356850
12303002809,6/9/2023,VIRTUAL_ACCOUNT,4,356850
12303002809,7/11/2023,VIRTUAL_ACCOUNT,5,356850
12303002809,8/14/2023,VIRTUAL_ACCOUNT,6,356850
12303002810,3/1/2023,VIRTUAL_ACCOUNT,1,23130
12303002810,4/3/2023,VIRTUAL_ACCOUNT,2,23130
12303002810,5/15/2023,VIRTUAL_ACCOUNT,3,23130
12303002810,7/13/2023,VIRTUAL_ACCOUNT,4,23130
12303002810,8/3/2023,VIRTUAL_ACCOUNT,5,23130
12303002847,3/2/2023,VIRTUAL_ACCOUNT,1,53910
12303002847,3/21/2023,VIRTUAL_ACCOUNT,2,53910
12303002847,4/18/2023,VIRTUAL_ACCOUNT,3,53910
12303002847,5/26/2023,VIRTUAL_ACCOUNT,4,53910
12303002847,6/26/2023,VIRTUAL_ACCOUNT,5,53910
12303002848,3/2/2023,VIRTUAL_ACCOUNT,1,96750
12303002848,4/18/2023,VIRTUAL_ACCOUNT,2,96750
12303002848,4/28/2023,VIRTUAL_ACCOUNT,3,96750
12303002848,6/5/2023,VIRTUAL_ACCOUNT,4,96750
12303002881,3/3/2023,VIRTUAL_ACCOUNT,1,201015
12303002905,3/3/2023,VIRTUAL_ACCOUNT,1,315000
12303002905,4/6/2023,VIRTUAL_ACCOUNT,2,315000
12303002905,6/7/2023,VIRTUAL_ACCOUNT,3,315000
12303002905,7/6/2023,VIRTUAL_ACCOUNT,4,315000
12303002905,8/7/2023,VIRTUAL_ACCOUNT,5,315000
12303002944,3/4/2023,VIRTUAL_ACCOUNT,1,307710
12303002944,4/5/2023,VIRTUAL_ACCOUNT,2,307710
12303002944,5/8/2023,VIRTUAL_ACCOUNT,3,307710
12303002944,6/27/2023,VIRTUAL_ACCOUNT,4,307710
12303002944,8/24/2023,VIRTUAL_ACCOUNT,5,307710
12303002995,3/5/2023,VIRTUAL_ACCOUNT,1,291600
12303002995,4/11/2023,VIRTUAL_ACCOUNT,2,291600
12303002995,5/2/2023,VIRTUAL_ACCOUNT,3,291600
12303002995,6/20/2023,VIRTUAL_ACCOUNT,4,291600
12303003011,3/5/2023,VIRTUAL_ACCOUNT,1,66285
12303003011,4/3/2023,VIRTUAL_ACCOUNT,2,66285
12303003011,5/2/2023,VIRTUAL_ACCOUNT,3,66285
12303003011,6/12/2023,VIRTUAL_ACCOUNT,4,66285
12303003011,6/27/2023,VIRTUAL_ACCOUNT,5,66285
12303003011,8/3/2023,VIRTUAL_ACCOUNT,6,66285
12303003012,3/8/2023,VIRTUAL_ACCOUNT,1,154800
12303003012,4/10/2023,VIRTUAL_ACCOUNT,2,154800
12303003012,5/24/2023,VIRTUAL_ACCOUNT,3,154800
12303003012,6/27/2023,VIRTUAL_ACCOUNT,4,154800
12303003012,7/27/2023,VIRTUAL_ACCOUNT,5,154800
12303003012,8/28/2023,VIRTUAL_ACCOUNT,6,154800
12303003057,3/6/2023,VIRTUAL_ACCOUNT,1,43380
12303003067,3/6/2023,VIRTUAL_ACCOUNT,1,33075
12303003087,3/7/2023,VIRTUAL_ACCOUNT,1,660000
12303003136,3/7/2023,VIRTUAL_ACCOUNT,1,121500
12303003229,3/24/2023,VIRTUAL_ACCOUNT,1,165600
12303003229,5/15/2023,VIRTUAL_ACCOUNT,2,165600
12303003229,5/25/2023,VIRTUAL_ACCOUNT,3,165600
12303003229,6/26/2023,VIRTUAL_ACCOUNT,4,165600
12303003229,7/28/2023,VIRTUAL_ACCOUNT,5,165600
12303003229,8/25/2023,VIRTUAL_ACCOUNT,6,165600
12303003260,3/9/2023,VIRTUAL_ACCOUNT,1,175500
12303003260,4/10/2023,VIRTUAL_ACCOUNT,2,175500
12303003260,5/22/2023,VIRTUAL_ACCOUNT,3,175500
12303003260,6/27/2023,VIRTUAL_ACCOUNT,4,175500
12303003260,7/27/2023,VIRTUAL_ACCOUNT,5,175500
12303003260,8/28/2023,VIRTUAL_ACCOUNT,6,175500
12303003333,3/6/2023,VIRTUAL_ACCOUNT,1,198720
12303003333,5/5/2023,VIRTUAL_ACCOUNT,2,198720
12303003333,6/26/2023,VIRTUAL_ACCOUNT,3,198720
12303003333,7/25/2023,VIRTUAL_ACCOUNT,4,198720
12303003449,3/14/2023,VIRTUAL_ACCOUNT,1,26325
12303003449,4/11/2023,VIRTUAL_ACCOUNT,2,26325
12303003449,6/8/2023,VIRTUAL_ACCOUNT,3,26325
12303003449,8/9/2023,VIRTUAL_ACCOUNT,4,26325
12303003453,3/14/2023,VIRTUAL_ACCOUNT,1,67725
12303003453,4/12/2023,VIRTUAL_ACCOUNT,2,67725
12303003453,5/10/2023,VIRTUAL_ACCOUNT,3,67725
12303003453,6/12/2023,VIRTUAL_ACCOUNT,4,67725
12303003453,7/7/2023,VIRTUAL_ACCOUNT,5,67725
12303003453,8/8/2023,VIRTUAL_ACCOUNT,6,67725
12303003484,3/14/2023,VIRTUAL_ACCOUNT,1,66285
12303003484,4/12/2023,VIRTUAL_ACCOUNT,2,66285
12303003484,5/10/2023,VIRTUAL_ACCOUNT,3,66285
12303003484,6/12/2023,VIRTUAL_ACCOUNT,4,66285
12303003484,7/7/2023,VIRTUAL_ACCOUNT,5,66285
12303003484,8/8/2023,VIRTUAL_ACCOUNT,6,66285
12303003498,3/16/2023,VIRTUAL_ACCOUNT,1,28620
12303003507,4/1/2023,VIRTUAL_ACCOUNT,1,211140
12303003679,3/23/2023,VIRTUAL_ACCOUNT,1,30240
12303003739,3/20/2023,VIRTUAL_ACCOUNT,1,129006
12303003739,4/28/2023,VIRTUAL_ACCOUNT,2,129006
12303003739,6/14/2023,VIRTUAL_ACCOUNT,3,129006
12303003739,6/27/2023,VIRTUAL_ACCOUNT,4,129006
12303003754,3/20/2023,VIRTUAL_ACCOUNT,1,120600
12303003754,4/27/2023,VIRTUAL_ACCOUNT,2,120600
12303003754,5/29/2023,VIRTUAL_ACCOUNT,3,120600
12303003754,7/27/2023,VIRTUAL_ACCOUNT,4,120600
12303003756,5/14/2023,VIRTUAL_ACCOUNT,1,9974000
12303003785,3/21/2023,VIRTUAL_ACCOUNT,1,56925
12303003785,4/14/2023,VIRTUAL_ACCOUNT,2,56925
12303003785,5/16/2023,VIRTUAL_ACCOUNT,3,56925
12303003785,6/15/2023,VIRTUAL_ACCOUNT,4,56925
12303003785,7/18/2023,VIRTUAL_ACCOUNT,5,56925
12303003785,8/21/2023,VIRTUAL_ACCOUNT,6,56925
12303003884,3/23/2023,VIRTUAL_ACCOUNT,1,277200
12303003884,4/26/2023,VIRTUAL_ACCOUNT,2,277200
12303003884,5/29/2023,VIRTUAL_ACCOUNT,3,277200
12303003884,6/26/2023,VIRTUAL_ACCOUNT,4,277200
12303003884,7/20/2023,VIRTUAL_ACCOUNT,5,277200
12303003918,3/23/2023,VIRTUAL_ACCOUNT,1,775800
12303003918,5/15/2023,VIRTUAL_ACCOUNT,2,775800
12303003918,5/29/2023,VIRTUAL_ACCOUNT,3,775800
12303003918,6/26/2023,VIRTUAL_ACCOUNT,4,775800
12303003918,7/20/2023,VIRTUAL_ACCOUNT,5,775800
12303003919,3/25/2023,VIRTUAL_ACCOUNT,1,32760
12303003919,4/28/2023,VIRTUAL_ACCOUNT,2,32760
12303003919,5/29/2023,VIRTUAL_ACCOUNT,3,32760
12303003919,7/11/2023,VIRTUAL_ACCOUNT,4,32760
12303003919,7/31/2023,VIRTUAL_ACCOUNT,5,32760
12303003954,3/27/2023,VIRTUAL_ACCOUNT,1,154440
12303003985,4/26/2023,VIRTUAL_ACCOUNT,1,97056
12303003985,5/26/2023,VIRTUAL_ACCOUNT,2,97056
12303003985,6/23/2023,VIRTUAL_ACCOUNT,3,97056
12303003985,7/26/2023,VIRTUAL_ACCOUNT,4,97056
12303003985,8/28/2023,VIRTUAL_ACCOUNT,5,97056
12303004002,3/28/2023,VIRTUAL_ACCOUNT,1,136710
12303004002,4/28/2023,VIRTUAL_ACCOUNT,2,136710
12303004002,5/29/2023,VIRTUAL_ACCOUNT,3,136710
12303004002,6/27/2023,VIRTUAL_ACCOUNT,4,136710
12303004002,8/1/2023,VIRTUAL_ACCOUNT,5,136710
12303004005,3/27/2023,VIRTUAL_ACCOUNT,1,144180
12303004074,3/30/2023,VIRTUAL_ACCOUNT,1,58700
12303004074,5/2/2023,VIRTUAL_ACCOUNT,2,58700
12303004074,5/31/2023,VIRTUAL_ACCOUNT,3,58700
12303004092,3/26/2023,VIRTUAL_ACCOUNT,1,117000
12303004092,6/16/2023,VIRTUAL_ACCOUNT,2,117000
12303004092,7/5/2023,VIRTUAL_ACCOUNT,3,117000
12303004097,3/30/2023,VIRTUAL_ACCOUNT,1,52110
12303004112,3/27/2023,VIRTUAL_ACCOUNT,1,104940
12303004112,6/27/2023,VIRTUAL_ACCOUNT,2,104940
12303004113,6/20/2023,VIRTUAL_ACCOUNT,1,237600
12303004206,5/9/2023,VIRTUAL_ACCOUNT,1,202680
12303004206,6/5/2023,VIRTUAL_ACCOUNT,2,202680
12303004206,7/10/2023,VIRTUAL_ACCOUNT,3,202680
12303004206,8/7/2023,VIRTUAL_ACCOUNT,4,202680
12303004237,3/29/2023,VIRTUAL_ACCOUNT,1,547200
12303004359,3/31/2023,VIRTUAL_ACCOUNT,1,570000
12303004390,3/31/2023,VIRTUAL_ACCOUNT,1,74700
12303004409,5/10/2023,VIRTUAL_ACCOUNT,1,25380
12303004409,6/19/2023,VIRTUAL_ACCOUNT,2,25380
12303004409,8/1/2023,VIRTUAL_ACCOUNT,3,25380
12303004409,8/18/2023,VIRTUAL_ACCOUNT,4,25380
12303004413,3/31/2023,VIRTUAL_ACCOUNT,1,121050
12303004413,4/26/2023,VIRTUAL_ACCOUNT,2,121050
12303004413,5/31/2023,VIRTUAL_ACCOUNT,3,121050
12303004413,6/27/2023,VIRTUAL_ACCOUNT,4,121050
12303004413,7/28/2023,VIRTUAL_ACCOUNT,5,121050
12304004420,3/31/2023,VIRTUAL_ACCOUNT,1,57375
12304004531,4/3/2023,VIRTUAL_ACCOUNT,1,352300
12304004531,5/2/2023,VIRTUAL_ACCOUNT,2,352300
12304004531,5/29/2023,VIRTUAL_ACCOUNT,3,352300
12304004531,7/4/2023,VIRTUAL_ACCOUNT,4,352300
12304004531,7/27/2023,VIRTUAL_ACCOUNT,5,352300
12304004531,8/28/2023,VIRTUAL_ACCOUNT,6,352300
12304004549,4/3/2023,VIRTUAL_ACCOUNT,1,116325
12304004549,5/2/2023,VIRTUAL_ACCOUNT,2,116325
12304004549,6/5/2023,VIRTUAL_ACCOUNT,3,116325
12304004549,6/27/2023,VIRTUAL_ACCOUNT,4,116325
12304004549,7/31/2023,VIRTUAL_ACCOUNT,5,116325
12304004639,4/5/2023,VIRTUAL_ACCOUNT,1,264600
12304004639,5/15/2023,VIRTUAL_ACCOUNT,2,264600
12304004639,6/13/2023,VIRTUAL_ACCOUNT,3,264600
12304004639,7/13/2023,VIRTUAL_ACCOUNT,4,264600
12304004639,8/14/2023,VIRTUAL_ACCOUNT,5,264600
12304004676,4/6/2023,VIRTUAL_ACCOUNT,1,197100
12304004676,5/19/2023,VIRTUAL_ACCOUNT,2,197100
12304004676,6/12/2023,VIRTUAL_ACCOUNT,3,197100
12304004676,7/10/2023,VIRTUAL_ACCOUNT,4,197100
12304004676,8/10/2023,VIRTUAL_ACCOUNT,5,197100
12304004754,4/26/2023,VIRTUAL_ACCOUNT,1,121140
12304004754,5/19/2023,VIRTUAL_ACCOUNT,2,121140
12304004754,7/31/2023,VIRTUAL_ACCOUNT,3,121140
12304004833,4/11/2023,VIRTUAL_ACCOUNT,1,180000
12304004841,4/11/2023,VIRTUAL_ACCOUNT,1,94860
12304004841,5/11/2023,VIRTUAL_ACCOUNT,2,94860
12304004841,6/5/2023,VIRTUAL_ACCOUNT,3,94860
12304004841,7/5/2023,VIRTUAL_ACCOUNT,4,94860
12304004841,8/3/2023,VIRTUAL_ACCOUNT,5,94860
12304004879,4/12/2023,VIRTUAL_ACCOUNT,1,38520
12304004879,5/10/2023,VIRTUAL_ACCOUNT,2,38520
12304004879,6/12/2023,VIRTUAL_ACCOUNT,3,38520
12304004879,7/18/2023,VIRTUAL_ACCOUNT,4,38520
12304004886,5/1/2023,VIRTUAL_ACCOUNT,1,676800
12304004886,6/9/2023,VIRTUAL_ACCOUNT,2,676800
12304004886,7/31/2023,VIRTUAL_ACCOUNT,3,676800
12304004886,8/28/2023,VIRTUAL_ACCOUNT,4,676800
12304004907,4/12/2023,VIRTUAL_ACCOUNT,1,76950
12304004907,5/9/2023,VIRTUAL_ACCOUNT,2,76950
12304004907,6/6/2023,VIRTUAL_ACCOUNT,3,76950
12304004907,7/13/2023,VIRTUAL_ACCOUNT,4,76950
12304004907,8/4/2023,VIRTUAL_ACCOUNT,5,76950
12304004910,4/13/2023,VIRTUAL_ACCOUNT,1,53280
12304004910,5/11/2023,VIRTUAL_ACCOUNT,2,53280
12304004910,6/19/2023,VIRTUAL_ACCOUNT,3,53280
12304004910,7/14/2023,VIRTUAL_ACCOUNT,4,53280
12304004910,8/22/2023,VIRTUAL_ACCOUNT,5,53280
12304004924,4/13/2023,VIRTUAL_ACCOUNT,1,35190
12304004924,5/11/2023,VIRTUAL_ACCOUNT,2,35190
12304004924,6/19/2023,VIRTUAL_ACCOUNT,3,35190
12304004924,7/14/2023,VIRTUAL_ACCOUNT,4,35190
12304004924,8/22/2023,VIRTUAL_ACCOUNT,5,35190
12304004925,4/27/2023,VIRTUAL_ACCOUNT,1,52200
12304004925,5/29/2023,VIRTUAL_ACCOUNT,2,52200
12304004925,6/27/2023,VIRTUAL_ACCOUNT,3,52200
12304004935,4/14/2023,VIRTUAL_ACCOUNT,1,59400
12304004935,5/29/2023,VIRTUAL_ACCOUNT,2,59400
12304004935,6/14/2023,VIRTUAL_ACCOUNT,3,59400
12304004935,7/14/2023,VIRTUAL_ACCOUNT,4,59400
12304004935,8/15/2023,VIRTUAL_ACCOUNT,5,59400
12304004947,7/11/2023,VIRTUAL_ACCOUNT,1,366075
12304004961,4/18/2023,VIRTUAL_ACCOUNT,1,148140
12304004994,4/17/2023,VIRTUAL_ACCOUNT,1,503100
12304004998,4/17/2023,VIRTUAL_ACCOUNT,1,53280
12304005010,4/18/2023,VIRTUAL_ACCOUNT,1,234800
12304005010,5/19/2023,VIRTUAL_ACCOUNT,2,234800
12304005010,6/19/2023,VIRTUAL_ACCOUNT,3,234800
12304005010,7/20/2023,VIRTUAL_ACCOUNT,4,234800
12304005010,8/23/2023,VIRTUAL_ACCOUNT,5,234800
12304005042,4/19/2023,VIRTUAL_ACCOUNT,1,282600
12304005042,5/15/2023,VIRTUAL_ACCOUNT,2,282600
12304005042,6/12/2023,VIRTUAL_ACCOUNT,3,282600
12304005042,7/14/2023,VIRTUAL_ACCOUNT,4,282600
12304005042,8/18/2023,VIRTUAL_ACCOUNT,5,282600
12304005083,4/24/2023,VIRTUAL_ACCOUNT,1,338850
12304005083,5/22/2023,VIRTUAL_ACCOUNT,2,338850
12304005083,6/22/2023,VIRTUAL_ACCOUNT,3,338850
12304005083,7/17/2023,VIRTUAL_ACCOUNT,4,338850
12304005083,8/15/2023,VIRTUAL_ACCOUNT,5,338850
12304005094,4/26/2023,VIRTUAL_ACCOUNT,1,442800
12304005094,5/26/2023,VIRTUAL_ACCOUNT,2,442800
12304005094,6/27/2023,VIRTUAL_ACCOUNT,3,442800
12304005094,7/26/2023,VIRTUAL_ACCOUNT,4,442800
12304005094,8/25/2023,VIRTUAL_ACCOUNT,5,442800
12304005098,4/22/2023,VIRTUAL_ACCOUNT,1,119250
12304005098,5/24/2023,VIRTUAL_ACCOUNT,2,119250
12304005098,6/22/2023,VIRTUAL_ACCOUNT,3,119250
12304005132,8/8/2023,VIRTUAL_ACCOUNT,1,680040
12304005151,4/26/2023,VIRTUAL_ACCOUNT,1,264600
12304005151,5/22/2023,VIRTUAL_ACCOUNT,2,264600
12304005151,6/19/2023,VIRTUAL_ACCOUNT,3,264600
12304005151,7/20/2023,VIRTUAL_ACCOUNT,4,264600
12304005151,8/22/2023,VIRTUAL_ACCOUNT,5,264600
12304005173,4/27/2023,VIRTUAL_ACCOUNT,1,370440
12304005222,4/30/2023,VIRTUAL_ACCOUNT,1,162855
12304005222,5/29/2023,VIRTUAL_ACCOUNT,2,162855
12304005222,6/27/2023,VIRTUAL_ACCOUNT,3,162855
12304005222,7/28/2023,VIRTUAL_ACCOUNT,4,162855
12304005231,4/30/2023,VIRTUAL_ACCOUNT,1,117000
12304005231,5/29/2023,VIRTUAL_ACCOUNT,2,117000
12304005231,7/3/2023,VIRTUAL_ACCOUNT,3,117000
12304005231,8/18/2023,VIRTUAL_ACCOUNT,4,117000
12304005245,4/30/2023,VIRTUAL_ACCOUNT,1,184500
12304005245,6/7/2023,VIRTUAL_ACCOUNT,2,184500
12305005257,5/1/2023,VIRTUAL_ACCOUNT,1,56430
12305005257,6/5/2023,VIRTUAL_ACCOUNT,2,56430
12305005257,7/5/2023,VIRTUAL_ACCOUNT,3,56430
12305005257,8/28/2023,VIRTUAL_ACCOUNT,4,56430
12305005269,5/3/2023,VIRTUAL_ACCOUNT,1,199575
12305005269,6/5/2023,VIRTUAL_ACCOUNT,2,199575
12305005269,7/4/2023,VIRTUAL_ACCOUNT,3,199575
12305005269,8/3/2023,VIRTUAL_ACCOUNT,4,199575
12305005304,5/4/2023,VIRTUAL_ACCOUNT,1,27225
12305005348,5/4/2023,VIRTUAL_ACCOUNT,1,175500
12305005348,6/5/2023,VIRTUAL_ACCOUNT,2,175500
12305005348,7/5/2023,VIRTUAL_ACCOUNT,3,175500
12305005348,8/7/2023,VIRTUAL_ACCOUNT,4,175500
12305005371,6/7/2023,VIRTUAL_ACCOUNT,1,411300
12305005371,7/10/2023,VIRTUAL_ACCOUNT,2,411300
12305005371,8/14/2023,VIRTUAL_ACCOUNT,3,411300
12305005374,5/6/2023,VIRTUAL_ACCOUNT,1,147150
12305005398,5/8/2023,VIRTUAL_ACCOUNT,1,1325000
12305005493,5/11/2023,VIRTUAL_ACCOUNT,1,31950
12305005493,6/19/2023,VIRTUAL_ACCOUNT,2,31950
12305005493,8/1/2023,VIRTUAL_ACCOUNT,3,31950
12305005493,8/18/2023,VIRTUAL_ACCOUNT,4,31950
12305005515,5/17/2023,VIRTUAL_ACCOUNT,1,62550
12305005515,6/19/2023,VIRTUAL_ACCOUNT,2,62550
12305005515,7/10/2023,VIRTUAL_ACCOUNT,3,62550
12305005515,8/14/2023,VIRTUAL_ACCOUNT,4,62550
12305005522,5/11/2023,VIRTUAL_ACCOUNT,1,105840
12305005522,6/19/2023,VIRTUAL_ACCOUNT,2,105840
12305005522,7/12/2023,VIRTUAL_ACCOUNT,3,105840
12305005522,8/14/2023,VIRTUAL_ACCOUNT,4,105840
12305005542,3/6/2023,VIRTUAL_ACCOUNT,1,171900
12305005542,6/14/2023,VIRTUAL_ACCOUNT,2,171900
12305005542,7/17/2023,VIRTUAL_ACCOUNT,3,171900
12305005577,5/17/2023,VIRTUAL_ACCOUNT,1,672480
12305005577,6/27/2023,VIRTUAL_ACCOUNT,2,672480
12305005608,5/14/2023,VIRTUAL_ACCOUNT,1,190800
12305005608,6/8/2023,VIRTUAL_ACCOUNT,2,190800
12305005652,5/19/2023,VIRTUAL_ACCOUNT,1,120600
12305005652,6/21/2023,VIRTUAL_ACCOUNT,2,120600
12305005652,7/17/2023,VIRTUAL_ACCOUNT,3,120600
12305005652,8/3/2023,VIRTUAL_ACCOUNT,4,120600
12305005682,5/31/2023,VIRTUAL_ACCOUNT,1,127800
12305005682,6/27/2023,VIRTUAL_ACCOUNT,2,127800
12305005682,8/7/2023,VIRTUAL_ACCOUNT,3,127800
12305005713,5/19/2023,VIRTUAL_ACCOUNT,1,115920
12305005713,6/19/2023,VIRTUAL_ACCOUNT,2,115920
12305005718,5/29/2023,VIRTUAL_ACCOUNT,1,86220
12305005726,5/22/2023,VIRTUAL_ACCOUNT,1,645480
12305005810,5/25/2023,VIRTUAL_ACCOUNT,1,82000
12305005810,6/14/2023,VIRTUAL_ACCOUNT,2,82000
12305005810,7/26/2023,VIRTUAL_ACCOUNT,3,82000
12305005830,5/25/2023,VIRTUAL_ACCOUNT,1,81450
12305005830,6/27/2023,VIRTUAL_ACCOUNT,2,81450
12305005830,7/18/2023,VIRTUAL_ACCOUNT,3,81450
12305005830,8/7/2023,VIRTUAL_ACCOUNT,4,81450
12305005874,5/26/2023,VIRTUAL_ACCOUNT,1,432000
12305005876,6/18/2023,VIRTUAL_ACCOUNT,1,327150
12305005876,7/20/2023,VIRTUAL_ACCOUNT,2,327150
12305005876,8/22/2023,VIRTUAL_ACCOUNT,3,327150
12305005917,5/28/2023,VIRTUAL_ACCOUNT,1,756720
12305005958,5/29/2023,VIRTUAL_ACCOUNT,1,74700
12305006016,6/16/2023,VIRTUAL_ACCOUNT,1,922500
12305006016,8/8/2023,VIRTUAL_ACCOUNT,2,922500
12305006079,5/31/2023,VIRTUAL_ACCOUNT,1,244000
12305006079,6/27/2023,VIRTUAL_ACCOUNT,2,244000
12305006079,7/31/2023,VIRTUAL_ACCOUNT,3,244000
12306006137,6/2/2023,VIRTUAL_ACCOUNT,1,117000
12306006137,7/6/2023,VIRTUAL_ACCOUNT,2,117000
12306006137,8/10/2023,VIRTUAL_ACCOUNT,3,117000
12306006147,6/3/2023,VIRTUAL_ACCOUNT,1,381150
12306006147,7/7/2023,VIRTUAL_ACCOUNT,2,381150
12306006147,7/31/2023,VIRTUAL_ACCOUNT,3,381150
12306006168,6/3/2023,VIRTUAL_ACCOUNT,1,370800
12306006168,7/6/2023,VIRTUAL_ACCOUNT,2,370800
12306006168,8/7/2023,VIRTUAL_ACCOUNT,3,370800
12306006171,6/3/2023,VIRTUAL_ACCOUNT,1,159480
12306006171,7/6/2023,VIRTUAL_ACCOUNT,2,159480
12306006171,8/28/2023,VIRTUAL_ACCOUNT,3,159480
12306006176,6/4/2023,VIRTUAL_ACCOUNT,1,108450
12306006176,7/4/2023,VIRTUAL_ACCOUNT,2,108450
12306006176,8/7/2023,VIRTUAL_ACCOUNT,3,108450
12306006209,6/26/2023,VIRTUAL_ACCOUNT,1,206505
12306006235,6/6/2023,VIRTUAL_ACCOUNT,1,979200
12306006235,7/11/2023,VIRTUAL_ACCOUNT,2,979200
12306006235,8/14/2023,VIRTUAL_ACCOUNT,3,979200
12306006245,6/21/2023,VIRTUAL_ACCOUNT,1,1944800
12306006259,6/9/2023,VIRTUAL_ACCOUNT,1,116325
12306006274,6/19/2023,VIRTUAL_ACCOUNT,1,324000
12306006274,7/28/2023,VIRTUAL_ACCOUNT,2,324000
12306006297,6/13/2023,VIRTUAL_ACCOUNT,1,28125
12306006297,7/5/2023,VIRTUAL_ACCOUNT,2,28125
12306006297,8/15/2023,VIRTUAL_ACCOUNT,3,28125
12306006305,6/16/2023,VIRTUAL_ACCOUNT,1,540000
12306006312,6/9/2023,VIRTUAL_ACCOUNT,1,195840
12306006312,7/12/2023,VIRTUAL_ACCOUNT,2,195840
12306006312,8/9/2023,VIRTUAL_ACCOUNT,3,195840
12306006342,6/9/2023,VIRTUAL_ACCOUNT,1,297000
12306006342,7/12/2023,VIRTUAL_ACCOUNT,2,297000
12306006342,8/8/2023,VIRTUAL_ACCOUNT,3,297000
12306006443,6/13/2023,VIRTUAL_ACCOUNT,1,78750
12306006443,7/6/2023,VIRTUAL_ACCOUNT,2,78750
12306006443,8/7/2023,VIRTUAL_ACCOUNT,3,78750
12306006455,6/14/2023,VIRTUAL_ACCOUNT,1,171450
12306006455,7/14/2023,VIRTUAL_ACCOUNT,2,171450
12306006455,8/22/2023,VIRTUAL_ACCOUNT,3,171450
12306006468,6/14/2023,VIRTUAL_ACCOUNT,1,69300
12306006468,7/12/2023,VIRTUAL_ACCOUNT,2,69300
12306006468,8/7/2023,VIRTUAL_ACCOUNT,3,69300
12306006498,6/16/2023,VIRTUAL_ACCOUNT,1,121500
12306006498,7/24/2023,VIRTUAL_ACCOUNT,2,121500
12306006498,8/18/2023,VIRTUAL_ACCOUNT,3,121500
12306006536,6/16/2023,VIRTUAL_ACCOUNT,1,117000
12306006536,7/17/2023,VIRTUAL_ACCOUNT,2,117000
12306006536,8/3/2023,VIRTUAL_ACCOUNT,3,117000
12306006552,6/16/2023,VIRTUAL_ACCOUNT,1,430000
12306006605,6/22/2023,VIRTUAL_ACCOUNT,1,119655
12306006671,6/22/2023,VIRTUAL_ACCOUNT,1,101430
12306006671,8/3/2023,VIRTUAL_ACCOUNT,2,101430
12306006688,6/22/2023,VIRTUAL_ACCOUNT,1,101844
12306006688,8/22/2023,VIRTUAL_ACCOUNT,2,101844
12306006692,6/22/2023,VIRTUAL_ACCOUNT,1,121275
12306006692,8/3/2023,VIRTUAL_ACCOUNT,2,121275
12306006692,8/22/2023,VIRTUAL_ACCOUNT,3,121275
12306006735,6/23/2023,VIRTUAL_ACCOUNT,1,275850
12306006735,7/21/2023,VIRTUAL_ACCOUNT,2,275850
12306006735,8/16/2023,VIRTUAL_ACCOUNT,3,275850
12306006748,6/26/2023,VIRTUAL_ACCOUNT,1,125062
12306006760,6/25/2023,VIRTUAL_ACCOUNT,1,880700
12306006760,7/25/2023,VIRTUAL_ACCOUNT,2,880700
12306006763,6/24/2023,VIRTUAL_ACCOUNT,1,7868000
12306006769,6/27/2023,VIRTUAL_ACCOUNT,1,220500
12306006769,7/21/2023,VIRTUAL_ACCOUNT,2,220500
12306006769,8/14/2023,VIRTUAL_ACCOUNT,3,220500
12306006873,6/28/2023,VIRTUAL_ACCOUNT,1,1800000
12306006892,6/28/2023,VIRTUAL_ACCOUNT,1,79003
12306006892,8/3/2023,VIRTUAL_ACCOUNT,2,79003
12306006902,6/29/2023,VIRTUAL_ACCOUNT,1,315000
12306006915,6/30/2023,VIRTUAL_ACCOUNT,1,75960
12306006915,8/3/2023,VIRTUAL_ACCOUNT,2,75960
12306006934,6/30/2023,VIRTUAL_ACCOUNT,1,154800
12306006934,7/27/2023,VIRTUAL_ACCOUNT,2,154800
12306006934,8/28/2023,VIRTUAL_ACCOUNT,3,154800
12306006938,6/30/2023,VIRTUAL_ACCOUNT,1,216000
12307006956,7/1/2023,VIRTUAL_ACCOUNT,1,510125
12307006966,7/2/2023,VIRTUAL_ACCOUNT,1,225495
12307006966,8/25/2023,VIRTUAL_ACCOUNT,2,225495
12307006970,7/2/2023,VIRTUAL_ACCOUNT,1,621000
12307006970,8/16/2023,VIRTUAL_ACCOUNT,2,621000
12307007000,7/4/2023,VIRTUAL_ACCOUNT,1,315000
12307007001,7/6/2023,VIRTUAL_ACCOUNT,1,172800
12307007001,8/7/2023,VIRTUAL_ACCOUNT,2,172800
12307007009,7/4/2023,VIRTUAL_ACCOUNT,1,814500
12307007029,7/5/2023,VIRTUAL_ACCOUNT,1,37665
12307007029,8/7/2023,VIRTUAL_ACCOUNT,2,37665
12307007049,7/6/2023,VIRTUAL_ACCOUNT,1,89280
12307007049,8/7/2023,VIRTUAL_ACCOUNT,2,89280
12307007109,7/7/2023,VIRTUAL_ACCOUNT,1,814500
12307007173,7/10/2023,VIRTUAL_ACCOUNT,1,37800
12307007173,8/10/2023,VIRTUAL_ACCOUNT,2,37800
12307007209,7/11/2023,VIRTUAL_ACCOUNT,1,166320
12307007224,7/14/2023,VIRTUAL_ACCOUNT,1,375000
12307007225,7/14/2023,VIRTUAL_ACCOUNT,1,704500
12307007227,7/14/2023,VIRTUAL_ACCOUNT,1,352000
12307007228,7/28/2023,VIRTUAL_ACCOUNT,1,781000
12307007233,7/14/2023,VIRTUAL_ACCOUNT,1,661000
12307007240,7/20/2023,VIRTUAL_ACCOUNT,1,82000
12307007240,8/21/2023,VIRTUAL_ACCOUNT,2,82000
12307007254,7/14/2023,VIRTUAL_ACCOUNT,1,533250
12307007256,7/13/2023,VIRTUAL_ACCOUNT,1,1097200
12307007329,8/1/2023,VIRTUAL_ACCOUNT,1,235800
12307007373,7/19/2023,VIRTUAL_ACCOUNT,1,171900
12307007374,7/19/2023,VIRTUAL_ACCOUNT,1,142470
12307007410,7/19/2023,VIRTUAL_ACCOUNT,1,464400
12307007414,7/28/2023,VIRTUAL_ACCOUNT,1,661000
12307007434,7/19/2023,VIRTUAL_ACCOUNT,1,387900
12307007434,8/21/2023,VIRTUAL_ACCOUNT,2,387900
12307007525,7/22/2023,VIRTUAL_ACCOUNT,1,28980
12307007525,8/24/2023,VIRTUAL_ACCOUNT,2,28980
12307007580,7/24/2023,VIRTUAL_ACCOUNT,1,855000
12307007587,7/27/2023,VIRTUAL_ACCOUNT,1,51134
12307007631,7/26/2023,VIRTUAL_ACCOUNT,1,6200000
12307007649,7/26/2023,VIRTUAL_ACCOUNT,1,50000
12307007663,7/26/2023,VIRTUAL_ACCOUNT,1,45675
12307007663,8/25/2023,VIRTUAL_ACCOUNT,2,45675
12307007727,7/27/2023,VIRTUAL_ACCOUNT,1,295065
12307007747,7/28/2023,VIRTUAL_ACCOUNT,1,251640
12307007774,7/28/2023,VIRTUAL_ACCOUNT,1,803480
12307007776,7/28/2023,VIRTUAL_ACCOUNT,1,415520
12307007792,7/29/2023,VIRTUAL_ACCOUNT,1,321750
12307007792,8/22/2023,VIRTUAL_ACCOUNT,2,321750
12307007797,7/29/2023,VIRTUAL_ACCOUNT,1,2080000
12307007828,7/31/2023,VIRTUAL_ACCOUNT,1,333450
12307007843,8/1/2023,VIRTUAL_ACCOUNT,1,398160
12307007866,7/31/2023,VIRTUAL_ACCOUNT,1,308250
12308007911,8/1/2023,VIRTUAL_ACCOUNT,1,101448
12308007920,8/1/2023,VIRTUAL_ACCOUNT,1,847980
12308007940,8/2/2023,VIRTUAL_ACCOUNT,1,35550
12308007941,8/2/2023,VIRTUAL_ACCOUNT,1,315000
12308008045,8/5/2023,VIRTUAL_ACCOUNT,1,83880
12308008104,8/7/2023,VIRTUAL_ACCOUNT,1,459000
12308008108,8/7/2023,VIRTUAL_ACCOUNT,1,5984000
12308008189,8/11/2023,VIRTUAL_ACCOUNT,1,157500
12308008287,8/13/2023,VIRTUAL_ACCOUNT,1,336000
12308008290,8/13/2023,VIRTUAL_ACCOUNT,1,35550
12308008297,8/13/2023,VIRTUAL_ACCOUNT,1,492030
12308008298,8/13/2023,VIRTUAL_ACCOUNT,1,493740
12308008319,8/14/2023,VIRTUAL_ACCOUNT,1,336600
12308008372,8/15/2023,VIRTUAL_ACCOUNT,1,26775
12308008420,8/17/2023,VIRTUAL_ACCOUNT,1,1420000
12308008502,8/20/2023,VIRTUAL_ACCOUNT,1,661000
12308008587,8/23/2023,VIRTUAL_ACCOUNT,1,103950
12308008627,8/24/2023,VIRTUAL_ACCOUNT,1,194400
12308008636,8/29/2023,VIRTUAL_ACCOUNT,1,343970
12308008637,8/24/2023,VIRTUAL_ACCOUNT,1,135900
12308008669,8/25/2023,VIRTUAL_ACCOUNT,1,220500
12308008699,8/25/2023,VIRTUAL_ACCOUNT,1,53370
12308008765,8/28/2023,VIRTUAL_ACCOUNT,1,370800
22210000946,4/14/2023,VIRTUAL_ACCOUNT,1,100980
22210000946,5/10/2023,VIRTUAL_ACCOUNT,2,100980
22210000946,6/8/2023,VIRTUAL_ACCOUNT,3,100980
22210000946,7/10/2023,VIRTUAL_ACCOUNT,4,100980
22210000946,8/8/2023,VIRTUAL_ACCOUNT,5,100980
22302001245,2/2/2023,VIRTUAL_ACCOUNT,1,195120
22304005144,4/26/2023,VIRTUAL_ACCOUNT,1,625500
22304005144,5/29/2023,VIRTUAL_ACCOUNT,2,625500
22304005144,6/27/2023,VIRTUAL_ACCOUNT,3,625500
22304005144,8/7/2023,VIRTUAL_ACCOUNT,4,625500
22306006422,6/13/2023,VIRTUAL_ACCOUNT,1,558000
22306006422,7/25/2023,VIRTUAL_ACCOUNT,2,558000
22306006422,8/28/2023,VIRTUAL_ACCOUNT,3,558000
72301001000,3/21/2023,VIRTUAL_ACCOUNT,1,112500
72301001000,4/14/2023,VIRTUAL_ACCOUNT,2,112500
72301001000,5/22/2023,VIRTUAL_ACCOUNT,3,112500
72301001000,6/27/2023,VIRTUAL_ACCOUNT,4,112500
72301001000,7/18/2023,VIRTUAL_ACCOUNT,5,112500
72301001000,8/21/2023,VIRTUAL_ACCOUNT,6,112500
72305005755,5/22/2023,VIRTUAL_ACCOUNT,1,36450
72305005755,6/19/2023,VIRTUAL_ACCOUNT,2,36450
72305005755,7/24/2023,VIRTUAL_ACCOUNT,3,36450
72305005755,8/22/2023,VIRTUAL_ACCOUNT,4,36450
72305005820,8/12/2023,VIRTUAL_ACCOUNT,1,2480000
72306006354,7/5/2023,VIRTUAL_ACCOUNT,1,493200
72306006354,8/7/2023,VIRTUAL_ACCOUNT,2,493200
112303003045,3/6/2023,VIRTUAL_ACCOUNT,1,474000
112303003046,3/6/2023,VIRTUAL_ACCOUNT,1,728000
112303003047,3/6/2023,VIRTUAL_ACCOUNT,1,859500
112303003048,3/6/2023,VIRTUAL_ACCOUNT,1,916000
112303003049,3/6/2023,VIRTUAL_ACCOUNT,1,418500
112304004617,4/13/2023,VIRTUAL_ACCOUNT,1,519000
112304004655,4/12/2023,VIRTUAL_ACCOUNT,1,299000
112304004895,4/12/2023,VIRTUAL_ACCOUNT,1,1042000
112304004896,4/13/2023,VIRTUAL_ACCOUNT,1,968000
112304004898,4/13/2023,VIRTUAL_ACCOUNT,1,474000
162308008314,8/14/2023,VIRTUAL_ACCOUNT,1,2440000